source,product_type,barrier,stage,text
reddit,none,stigma,pre_adoption,"Skin care is seen as girly and not masculine."
reddit,none,low_need,pre_adoption,"Men have thicker skin and fewer hormone fluctuations, so they do not need it as much."
reddit,none,low_need,pre_adoption,"I do not care unless my skin is so dry it is uncomfortable."
reddit,moisturizer,simple,post_adoption,"I have one tub of lotion that I use for everything."
reddit,none,stigma,pre_adoption,"My coworkers called me gay for saying I moisturize my face."
reddit,none,skepticism,pre_adoption,"Ninety percent of skincare is a scam and cosmetic products get sold as health products."
reddit,none,problem_first,pre_adoption,"I wait for a problem to show up, then I seek a solution and buy a product."
reddit,sunscreen,simple,post_adoption,"Just stay out of the sun and use sunscreen and a hat."
reddit,none,low_need,pre_adoption,"Men usually do not need skincare early on because their skin is thicker and they have fewer problems."
reddit,none,effort,pre_adoption,"I work long days and it is work, not a beauty pageant."
reddit,none,stigma,pre_adoption,"Putting lotion on was still considered gay when I was growing up."
reddit,none,low_need,pre_adoption,"I do not use products and still get compliments on having near-perfect skin."
reddit,none,skepticism,pre_adoption,"Shaving cream is a huge scam."
reddit,none,simple,pre_adoption,"I use the same soap for my face and it stays clear."
reddit,none,simple,pre_adoption,"Regular soap and water is all I need."
reddit,none,skepticism,pre_adoption,"Nothing else is ever needed unless you have a weird skin condition, prove me wrong beauty industry."
reddit,none,skepticism,pre_adoption,"My skin is clearer when I do nothing but wash with soap."
reddit,none,confusion,pre_adoption,"The amount of formulations and potential routines is overwhelming."
reddit,none,simple,post_adoption,"The lengthy routine did not stick, but face wash and moisturizer did."
reddit,none,skepticism,pre_adoption,"Skincare is basically snake oil that preys on women’s insecurities."
reddit,none,low_need,pre_adoption,"Skincare is extremely unnecessary except maybe to avoid sun damage."
reddit,none,skepticism,pre_adoption,"It is a grift with a grain of truth and can make things worse."
reddit,none,low_need,pre_adoption,"Men simply do not care as much as women do."
reddit,sunscreen,simple,post_adoption,"Sunscreen is legit, the rest is snake oil."
reddit,none,stigma,pre_adoption,"Unkempt skin is more acceptable for men and skincare is seen as feminine."
reddit,none,stigma,pre_adoption,"Straight men associate skincare with being gay."
reddit,none,effort,pre_adoption,"I brush my teeth and shower and I do not want to spend 15 minutes on skincare."
reddit,none,low_need,pre_adoption,"It is unnecessary unless you have an actual condition you are addressing."
reddit,moisturizer,simple,post_adoption,"If I could use one product in 10 seconds it would be my moisturizer."
reddit,none,simple,post_adoption,"The basics are cleanser, moisturizer, and sunscreen."
reddit,serum,confusion,post_adoption,"I keep hearing about retinol but never looked into it. What does it do?"
reddit,serum,confusion,post_adoption,"What is the difference between retinol and retinoid?"
reddit,serum,confusion,post_adoption,"Do not use retinoids or vitamin C if you do not know what you are doing."
reddit,serum,confusion,post_adoption,"How can I avoid bouncing from product to product and what should a full routine include?"
reddit,none,simple,post_adoption,"The simplest routine is the triad: cleanse, moisturize, sunscreen."
reddit,none,simple,post_adoption,"Only add fancier products after you keep a routine for a while."
reddit,moisturizer,simple,post_adoption,"He just needs some lotion."
reddit,none,low_need,pre_adoption,"He does not have acne so he does not have much incentive for skincare."
reddit,moisturizer,simple,post_adoption,"The best products are the ones he will actually use."
reddit,serum,skepticism,post_adoption,"I want a vitamin C serum that is actually worth it and not just hype."